Datetime,Water Level (m)
2026-10-03 00:00:00,0.9184694
2026-10-03 01:00:00,1.0407475
2026-10-03 02:00:00,1.0232803
2026-10-03 03:00:00,0.8604763
2026-10-03 04:00:00,0.65201247
2026-10-03 05:00:00,0.436565
2026-10-03 06:00:00,0.25312915
2026-10-03 07:00:00,0.096874826
2026-10-03 08:00:00,-0.035546366
2026-10-03 09:00:00,-0.07910292
2026-10-03 10:00:00,0.10442343
2026-10-03 11:00:00,0.29125404
2026-10-03 12:00:00,0.52012295
2026-10-03 13:00:00,0.74851495
2026-10-03 14:00:00,0.78056264
2026-10-03 15:00:00,0.67715645
2026-10-03 16:00:00,0.5434753
2026-10-03 17:00:00,0.40741652
2026-10-03 18:00:00,0.26173353
2026-10-03 19:00:00,0.1188796
2026-10-03 20:00:00,0.002334302
2026-10-03 21:00:00,-0.02734013
2026-10-03 22:00:00,0.12881143
2026-10-03 23:00:00,0.33825275
2026-10-04 00:00:00,0.62962204
2026-10-04 01:00:00,0.9773961
2026-10-04 02:00:00,1.1551573
2026-10-04 03:00:00,1.150069
2026-10-04 04:00:00,0.99885607
2026-10-04 05:00:00,0.82841575
2026-10-04 06:00:00,0.64630973
2026-10-04 07:00:00,0.47620094
2026-10-04 08:00:00,0.30891258
2026-10-04 09:00:00,0.15676408
2026-10-04 10:00:00,0.028231885
2026-10-04 11:00:00,0.013593537
2026-10-04 12:00:00,0.18304186
2026-10-04 13:00:00,0.3888435
2026-10-04 14:00:00,0.6489445
2026-10-04 15:00:00,0.81189895
2026-10-04 16:00:00,0.8028032
2026-10-04 17:00:00,0.6890466
2026-10-04 18:00:00,0.5653486
2026-10-04 19:00:00,0.4472804
2026-10-04 20:00:00,0.30714083
2026-10-04 21:00:00,0.16852586
2026-10-04 22:00:00,0.067272626
2026-10-04 23:00:00,0.0791051
2026-10-05 00:00:00,0.2629684
2026-10-05 01:00:00,0.4665635
2026-10-05 02:00:00,0.7816833
2026-10-05 03:00:00,1.0725235
2026-10-05 04:00:00,1.178957
2026-10-05 05:00:00,1.1073967
2026-10-05 06:00:00,0.9509045
2026-10-05 07:00:00,0.7892373
2026-10-05 08:00:00,0.6119057
2026-10-05 09:00:00,0.43807185
2026-10-05 10:00:00,0.26298794
2026-10-05 11:00:00,0.11125904
2026-10-05 12:00:00,0.014384666
2026-10-05 13:00:00,0.11249577
2026-10-05 14:00:00,0.34348744
2026-10-05 15:00:00,0.5884804
2026-10-05 16:00:00,0.86206585
2026-10-05 17:00:00,0.9559197
2026-10-05 18:00:00,0.8815257
2026-10-05 19:00:00,0.73527515
2026-10-05 20:00:00,0.6064072
2026-10-05 21:00:00,0.4667614
2026-10-05 22:00:00,0.30523095
2026-10-05 23:00:00,0.16327795
2026-10-06 00:00:00,0.070090495
2026-10-06 01:00:00,0.17306456
2026-10-06 02:00:00,0.40685582
2026-10-06 03:00:00,0.66986626
2026-10-06 04:00:00,1.0228093
2026-10-06 05:00:00,1.2284789
2026-10-06 06:00:00,1.1967198
2026-10-06 07:00:00,1.024358
2026-10-06 08:00:00,0.8499251
2026-10-06 09:00:00,0.6694649
2026-10-06 10:00:00,0.4892606
2026-10-06 11:00:00,0.3078023
2026-10-06 12:00:00,0.14399993
2026-10-06 13:00:00,0.024657443
2026-10-06 14:00:00,0.12665406
2026-10-06 15:00:00,0.39433116
2026-10-06 16:00:00,0.66384715
2026-10-06 17:00:00,0.9960678
2026-10-06 18:00:00,1.142092
2026-10-06 19:00:00,1.0564464
2026-10-06 20:00:00,0.8723424
2026-10-06 21:00:00,0.70998013
2026-10-06 22:00:00,0.5484961
2026-10-06 23:00:00,0.3761645
2026-10-07 00:00:00,0.21171618
2026-10-07 01:00:00,0.08235031
2026-10-07 02:00:00,0.16603473
2026-10-07 03:00:00,0.46286705
2026-10-07 04:00:00,0.7347981
2026-10-07 05:00:00,1.100238
2026-10-07 06:00:00,1.3102952
2026-10-07 07:00:00,1.2355406
2026-10-07 08:00:00,1.0410087
2026-10-07 09:00:00,0.8572102
2026-10-07 10:00:00,0.6697456
2026-10-07 11:00:00,0.4839511
2026-10-07 12:00:00,0.29166618
2026-10-07 13:00:00,0.11964378
2026-10-07 14:00:00,0.0136034945
2026-10-07 15:00:00,0.20023069
2026-10-07 16:00:00,0.51854795
2026-10-07 17:00:00,0.84227425
2026-10-07 18:00:00,1.2001245
2026-10-07 19:00:00,1.3105615
2026-10-07 20:00:00,1.155635
2026-10-07 21:00:00,0.93965024
2026-10-07 22:00:00,0.75503665
2026-10-07 23:00:00,0.57344407
2026-10-08 00:00:00,0.3883256
2026-10-08 01:00:00,0.21399283
2026-10-08 02:00:00,0.07520363
2026-10-08 03:00:00,0.19138603
2026-10-08 04:00:00,0.52660406
2026-10-08 05:00:00,0.832127
2026-10-08 06:00:00,1.2220248
2026-10-08 07:00:00,1.4086285
2026-10-08 08:00:00,1.2698416
2026-10-08 09:00:00,1.042036
2026-10-08 10:00:00,0.8427367
2026-10-08 11:00:00,0.6479916
2026-10-08 12:00:00,0.4579247
2026-10-08 13:00:00,0.26999474
2026-10-08 14:00:00,0.1017007
2026-10-08 15:00:00,0.07516071
2026-10-08 16:00:00,0.40152106
2026-10-08 17:00:00,0.7091196
2026-10-08 18:00:00,1.114822
2026-10-08 19:00:00,1.4474611
2026-10-08 20:00:00,1.4390832
2026-10-08 21:00:00,1.2140286
2026-10-08 22:00:00,0.9840129
2026-10-08 23:00:00,0.77627456
2026-10-09 00:00:00,0.5809008
